{"cameraMode":{"drawMode":0,"name":"Shaded","section":"Shading Mode"},"sceneLighting":false,"audioPlay":false,"sceneViewState":{"showFog":true,"showMaterialUpdate":false,"showSkybox":true,"showFlares":true,"showImageEffects":true,"showParticleSystems":true},"in2DMode":false,"pivot":{"x":-2.914114475250244,"y":1.7414591312408448,"z":-3.8452529907226564},"rotation":{"x":0.11484590172767639,"y":0.24527688324451447,"z":-0.029275959357619287,"w":0.9621811509132385},"size":0.2485368698835373,"orthographic":true}