{"cameraMode":{"drawMode":0,"name":"Shaded","section":"Shading Mode"},"sceneLighting":false,"audioPlay":false,"sceneViewState":{"showFog":true,"showMaterialUpdate":false,"showSkybox":true,"showFlares":true,"showImageEffects":true,"showParticleSystems":true},"in2DMode":false,"pivot":{"x":-13.199975967407227,"y":-45.771095275878909,"z":-41.74560546875},"rotation":{"x":-0.6916256546974182,"y":-0.008236007764935494,"z":0.007887288928031922,"w":-0.722166121006012},"size":21.010000228881837,"orthographic":true}