{"cameraMode":{"drawMode":0,"name":"Shaded","section":"Shading Mode"},"sceneLighting":false,"audioPlay":false,"sceneViewState":{"showFog":true,"showMaterialUpdate":false,"showSkybox":true,"showFlares":true,"showImageEffects":true,"showParticleSystems":true},"in2DMode":false,"pivot":{"x":-2.7332041263580324,"y":10.947100639343262,"z":14.917656898498536},"rotation":{"x":0.027827588841319085,"y":0.9476310610771179,"z":-0.30628177523612978,"w":0.08609589189291},"size":4.041659355163574,"orthographic":false}