{"cameraMode":{"drawMode":0,"name":"Shaded","section":"Shading Mode"},"sceneLighting":false,"audioPlay":false,"sceneViewState":{"showFog":true,"showMaterialUpdate":false,"showSkybox":true,"showFlares":true,"showImageEffects":true,"showParticleSystems":true},"in2DMode":false,"pivot":{"x":21.18473243713379,"y":-5.494979381561279,"z":-19.911035537719728},"rotation":{"x":0.10569531470537186,"y":-0.011936860159039498,"z":0.0012687364360317588,"w":0.9943261742591858},"size":12.529777526855469,"orthographic":false}