{"cameraMode":{"drawMode":0,"name":"Shaded","section":"Shading Mode"},"sceneLighting":false,"audioPlay":false,"sceneViewState":{"showFog":true,"showMaterialUpdate":false,"showSkybox":true,"showFlares":true,"showImageEffects":true,"showParticleSystems":true},"in2DMode":false,"pivot":{"x":21.533119201660158,"y":-5.573820114135742,"z":-19.379440307617189},"rotation":{"x":0.10569531470537186,"y":-0.011936860159039498,"z":0.0012687364360317588,"w":0.9943261742591858},"size":18.4793701171875,"orthographic":false}