{"cameraMode":{"drawMode":0,"name":"Shaded","section":"Shading Mode"},"sceneLighting":false,"audioPlay":false,"sceneViewState":{"showFog":true,"showMaterialUpdate":false,"showSkybox":true,"showFlares":true,"showImageEffects":true,"showParticleSystems":true},"in2DMode":false,"pivot":{"x":1.0951662063598633,"y":0.9913606643676758,"z":-1.5584917068481446},"rotation":{"x":-0.01152906846255064,"y":0.9673052430152893,"z":-0.24937468767166139,"w":-0.04472057521343231},"size":2.8578836917877199,"orthographic":false}