{"cameraMode":{"drawMode":0,"name":"Shaded","section":"Shading Mode"},"sceneLighting":true,"audioPlay":false,"sceneViewState":{"showFog":true,"showMaterialUpdate":false,"showSkybox":true,"showFlares":true,"showImageEffects":true,"showParticleSystems":true},"in2DMode":false,"pivot":{"x":-1.6421539783477784,"y":27.698936462402345,"z":60.95592498779297},"rotation":{"x":0.029437894001603128,"y":0.9655464887619019,"z":-0.22587044537067414,"w":0.1258411407470703},"size":14.978757858276368,"orthographic":false}