{"cameraMode":{"drawMode":0,"name":"Shaded","section":"Shading Mode"},"sceneLighting":true,"audioPlay":false,"sceneViewState":{"showFog":true,"showMaterialUpdate":false,"showSkybox":true,"showFlares":true,"showImageEffects":true,"showParticleSystems":true},"in2DMode":false,"pivot":{"x":316.5194396972656,"y":157.8398895263672,"z":-1.7421879768371583},"rotation":{"x":-0.009897026233375073,"y":0.0065968879498541359,"z":-0.00006522546027554199,"w":-0.9999293088912964},"size":391.6588134765625,"orthographic":false}