{"cameraMode":{"drawMode":0,"name":"Shaded","section":"Shading Mode"},"sceneLighting":true,"audioPlay":false,"sceneViewState":{"showFog":true,"showMaterialUpdate":false,"showSkybox":true,"showFlares":true,"showImageEffects":true,"showParticleSystems":true},"in2DMode":false,"pivot":{"x":278.94793701171877,"y":229.32290649414063,"z":16.515216827392579},"rotation":{"x":-0.026394346728920938,"y":-0.0009026859770528972,"z":0.00002390368899796158,"w":-0.9996511936187744},"size":1565.560302734375,"orthographic":false}