{"cameraMode":{"drawMode":0,"name":"Shaded","section":"Shading Mode"},"sceneLighting":false,"audioPlay":false,"sceneViewState":{"showFog":true,"showMaterialUpdate":false,"showSkybox":true,"showFlares":true,"showImageEffects":true,"showParticleSystems":true},"in2DMode":false,"pivot":{"x":-0.5364454388618469,"y":1.336175560951233,"z":-4.896159648895264},"rotation":{"x":0.08443401753902435,"y":0.17013253271579743,"z":-0.01463265810161829,"w":0.9816882014274597},"size":4.044680118560791,"orthographic":true}