{"cameraMode":{"drawMode":0,"name":"Shaded","section":"Shading Mode"},"sceneLighting":false,"audioPlay":false,"sceneViewState":{"showFog":true,"showMaterialUpdate":false,"showSkybox":true,"showFlares":true,"showImageEffects":true,"showParticleSystems":true},"in2DMode":false,"pivot":{"x":13.136582374572754,"y":-5.5,"z":-21.51580810546875},"rotation":{"x":0.11005706340074539,"y":-0.04620371013879776,"z":0.005121823865920305,"w":0.9928376078605652},"size":8.88552188873291,"orthographic":false}