{"cameraMode":{"drawMode":0,"name":"Shaded","section":"Shading Mode"},"sceneLighting":false,"audioPlay":false,"sceneViewState":{"showFog":true,"showMaterialUpdate":false,"showSkybox":true,"showFlares":true,"showImageEffects":true,"showParticleSystems":true},"in2DMode":false,"pivot":{"x":15.39689826965332,"y":3.5800952911376955,"z":35.113807678222659},"rotation":{"x":-0.05267820134758949,"y":0.9019467830657959,"z":-0.412885844707489,"w":-0.11507514119148255},"size":0.5253933668136597,"orthographic":false}