{"cameraMode":{"drawMode":0,"name":"Shaded","section":"Shading Mode"},"sceneLighting":false,"audioPlay":false,"sceneViewState":{"showFog":true,"showMaterialUpdate":false,"showSkybox":true,"showFlares":true,"showImageEffects":true,"showParticleSystems":true},"in2DMode":false,"pivot":{"x":21.305908203125,"y":-6.0376105308532719,"z":-20.260459899902345},"rotation":{"x":0.10569531470537186,"y":-0.011936860159039498,"z":0.0012687364360317588,"w":0.9943261742591858},"size":18.10929298400879,"orthographic":false}