{"cameraMode":{"drawMode":0,"name":"Shaded","section":"Shading Mode"},"sceneLighting":false,"audioPlay":false,"sceneViewState":{"showFog":true,"showMaterialUpdate":false,"showSkybox":true,"showFlares":true,"showImageEffects":true,"showParticleSystems":true},"in2DMode":false,"pivot":{"x":-3.306232452392578,"y":0.10889770835638046,"z":1.1188971996307374},"rotation":{"x":0.0053963265381753449,"y":0.8143107891082764,"z":-0.0075715468265116219,"w":0.5803545713424683},"size":1.5380809307098389,"orthographic":true}