{"cameraMode":{"drawMode":0,"name":"Shaded","section":"Shading Mode"},"sceneLighting":false,"audioPlay":false,"sceneViewState":{"showFog":true,"showMaterialUpdate":false,"showSkybox":true,"showFlares":true,"showImageEffects":true,"showParticleSystems":true},"in2DMode":false,"pivot":{"x":-0.515512228012085,"y":0.26521778106689455,"z":0.4318525791168213},"rotation":{"x":-0.08939886838197708,"y":0.86916184425354,"z":-0.17059330642223359,"w":-0.4554815888404846},"size":4.041659355163574,"orthographic":false}