{"cameraMode":{"drawMode":0,"name":"Shaded","section":"Shading Mode"},"sceneLighting":false,"audioPlay":false,"sceneViewState":{"showFog":true,"showMaterialUpdate":false,"showSkybox":true,"showFlares":true,"showImageEffects":true,"showParticleSystems":true},"in2DMode":false,"pivot":{"x":8.722615242004395,"y":-0.6288843154907227,"z":-3.7527971267700197},"rotation":{"x":-0.01152906846255064,"y":0.9673052430152893,"z":-0.24937468767166139,"w":-0.04472057521343231},"size":22.0,"orthographic":false}