{"cameraMode":{"drawMode":0,"name":"Shaded","section":"Shading Mode"},"sceneLighting":false,"audioPlay":false,"sceneViewState":{"showFog":true,"showMaterialUpdate":false,"showSkybox":true,"showFlares":true,"showImageEffects":true,"showParticleSystems":true},"in2DMode":false,"pivot":{"x":19.696762084960939,"y":3.8600823879241945,"z":32.1760368347168},"rotation":{"x":0.6383368968963623,"y":-0.00969760399311781,"z":0.008043416775763035,"w":0.7696540355682373},"size":0.5552548170089722,"orthographic":false}