{"cameraMode":{"drawMode":0,"name":"Shaded","section":"Shading Mode"},"sceneLighting":false,"audioPlay":false,"sceneViewState":{"showFog":true,"showMaterialUpdate":false,"showSkybox":true,"showFlares":true,"showImageEffects":true,"showParticleSystems":true},"in2DMode":false,"pivot":{"x":20.37428855895996,"y":-5.936331748962402,"z":-20.024757385253908},"rotation":{"x":0.11005706340074539,"y":-0.04620371013879776,"z":0.005121823865920305,"w":0.9928376078605652},"size":4.665164947509766,"orthographic":false}