{"cameraMode":{"drawMode":0,"name":"Shaded","section":"Shading Mode"},"sceneLighting":true,"audioPlay":false,"sceneViewState":{"showFog":true,"showMaterialUpdate":false,"showSkybox":true,"showFlares":true,"showImageEffects":true,"showParticleSystems":true},"in2DMode":false,"pivot":{"x":-17.175735473632814,"y":-12.531636238098145,"z":20.265071868896486},"rotation":{"x":0.09129789471626282,"y":-0.04002106934785843,"z":0.003672150894999504,"w":0.9950123429298401},"size":51.903018951416019,"orthographic":false}