{"cameraMode":{"drawMode":0,"name":"Shaded","section":"Shading Mode"},"sceneLighting":false,"audioPlay":false,"sceneViewState":{"showFog":true,"showMaterialUpdate":false,"showSkybox":true,"showFlares":true,"showImageEffects":true,"showParticleSystems":true},"in2DMode":false,"pivot":{"x":0.0,"y":0.4507092237472534,"z":-0.030266642570495607},"rotation":{"x":0.5702142119407654,"y":0.01601669378578663,"z":-0.011120583862066269,"w":0.8212646842002869},"size":4.906046390533447,"orthographic":false}