{"cameraMode":{"drawMode":0,"name":"Shaded","section":"Shading Mode"},"sceneLighting":false,"audioPlay":false,"sceneViewState":{"showFog":true,"showMaterialUpdate":false,"showSkybox":true,"showFlares":true,"showImageEffects":true,"showParticleSystems":true},"in2DMode":false,"pivot":{"x":0.0001380443572998047,"y":0.8500000238418579,"z":0.0},"rotation":{"x":0.2594361901283264,"y":0.02056887187063694,"z":-0.005526802968233824,"w":0.9655253887176514},"size":4.441884994506836,"orthographic":false}