{"cameraMode":{"drawMode":0,"name":"Shaded","section":"Shading Mode"},"sceneLighting":false,"audioPlay":false,"sceneViewState":{"showFog":true,"showMaterialUpdate":false,"showSkybox":true,"showFlares":true,"showImageEffects":true,"showParticleSystems":true},"in2DMode":false,"pivot":{"x":0.0001380443572998047,"y":0.8724456429481506,"z":-0.057483039796352389},"rotation":{"x":-0.006005603354424238,"y":0.9479969143867493,"z":0.01791953481733799,"w":0.317717969417572},"size":3.844137191772461,"orthographic":false}