{"cameraMode":{"drawMode":0,"name":"Shaded","section":"Shading Mode"},"sceneLighting":false,"audioPlay":false,"sceneViewState":{"showFog":true,"showMaterialUpdate":false,"showSkybox":true,"showFlares":true,"showImageEffects":true,"showParticleSystems":true},"in2DMode":false,"pivot":{"x":38.86382293701172,"y":-25.79511833190918,"z":-26.318389892578126},"rotation":{"x":-0.008998951874673367,"y":-0.01049931813031435,"z":0.00009452973608858883,"w":-0.9999043941497803},"size":473.2325439453125,"orthographic":false}