{"cameraMode":{"drawMode":0,"name":"Shaded","section":"Shading Mode"},"sceneLighting":false,"audioPlay":false,"sceneViewState":{"showFog":true,"showMaterialUpdate":false,"showSkybox":true,"showFlares":true,"showImageEffects":true,"showParticleSystems":true},"in2DMode":false,"pivot":{"x":-8.120853424072266,"y":-45.76873779296875,"z":-3.4086856842041017},"rotation":{"x":-0.05872548371553421,"y":-0.041319724172353747,"z":0.0024327256251126529,"w":-0.9974157214164734},"size":22.0,"orthographic":false}