{"cameraMode":{"drawMode":0,"name":"Shaded","section":"Shading Mode"},"sceneLighting":false,"audioPlay":false,"sceneViewState":{"showFog":true,"showMaterialUpdate":false,"showSkybox":true,"showFlares":true,"showImageEffects":true,"showParticleSystems":true},"in2DMode":false,"pivot":{"x":-8.966402053833008,"y":-49.44805145263672,"z":-42.7933235168457},"rotation":{"x":-0.15238945186138154,"y":0.013341960497200489,"z":-0.0020573551300913097,"w":-0.9882283806800842},"size":302.8460998535156,"orthographic":false}