{"cameraMode":{"drawMode":0,"name":"Shaded","section":"Shading Mode"},"sceneLighting":false,"audioPlay":false,"sceneViewState":{"showFog":true,"showMaterialUpdate":false,"showSkybox":true,"showFlares":true,"showImageEffects":true,"showParticleSystems":true},"in2DMode":false,"pivot":{"x":8.722615242004395,"y":-0.6288843154907227,"z":-3.7527971267700197},"rotation":{"x":-0.07068090885877609,"y":-0.04427729919552803,"z":0.0031404357869178058,"w":-0.9965108633041382},"size":22.0,"orthographic":false}