{"cameraMode":{"drawMode":0,"name":"Shaded","section":"Shading Mode"},"sceneLighting":true,"audioPlay":false,"sceneViewState":{"showFog":true,"showMaterialUpdate":false,"showSkybox":true,"showFlares":true,"showImageEffects":true,"showParticleSystems":true},"in2DMode":false,"pivot":{"x":38.261741638183597,"y":-7.3563456535339359,"z":-7.100186824798584},"rotation":{"x":-0.1106310784816742,"y":0.11423854529857636,"z":-0.012802829034626484,"w":-0.9871912002563477},"size":38.82288360595703,"orthographic":false}