{"cameraMode":{"drawMode":0,"name":"Shaded","section":"Shading Mode"},"sceneLighting":true,"audioPlay":false,"sceneViewState":{"showFog":true,"showMaterialUpdate":false,"showSkybox":true,"showFlares":true,"showImageEffects":true,"showParticleSystems":true},"in2DMode":false,"pivot":{"x":2.0484116077423097,"y":139.26290893554688,"z":-6.499542236328125},"rotation":{"x":-0.04908445477485657,"y":-0.8193764090538025,"z":0.5667244791984558,"w":-0.07096763700246811},"size":36.41361618041992,"orthographic":false}