{"cameraMode":{"drawMode":0,"name":"Shaded","section":"Shading Mode"},"sceneLighting":false,"audioPlay":false,"sceneViewState":{"showFog":true,"showMaterialUpdate":false,"showSkybox":true,"showFlares":true,"showImageEffects":true,"showParticleSystems":true},"in2DMode":false,"pivot":{"x":20.11308479309082,"y":-5.655960559844971,"z":-19.971586227416993},"rotation":{"x":0.135938823223114,"y":-0.044566426426172259,"z":0.006121379788964987,"w":0.9896954298019409},"size":12.529777526855469,"orthographic":false}