{"cameraMode":{"drawMode":0,"name":"Shaded","section":"Shading Mode"},"sceneLighting":false,"audioPlay":false,"sceneViewState":{"showFog":true,"showMaterialUpdate":false,"showSkybox":true,"showFlares":true,"showImageEffects":true,"showParticleSystems":true},"in2DMode":false,"pivot":{"x":2.455331325531006,"y":0.06619834899902344,"z":-0.3089500367641449},"rotation":{"x":-0.03391608968377113,"y":-0.6830917596817017,"z":0.031786687672138217,"w":-0.7288517951965332},"size":5.42039155960083,"orthographic":false}