{"cameraMode":{"drawMode":0,"name":"Shaded","section":"Shading Mode"},"sceneLighting":false,"audioPlay":false,"sceneViewState":{"showFog":true,"showMaterialUpdate":false,"showSkybox":true,"showFlares":true,"showImageEffects":true,"showParticleSystems":true},"in2DMode":false,"pivot":{"x":0.0,"y":0.4507092237472534,"z":-0.030266642570495607},"rotation":{"x":-0.5120635628700256,"y":-0.005919843912124634,"z":0.0035285938065499069,"w":-0.8589199781417847},"size":4.906046390533447,"orthographic":false}