{"cameraMode":{"drawMode":0,"name":"Shaded","section":"Shading Mode"},"sceneLighting":false,"audioPlay":false,"sceneViewState":{"showFog":true,"showMaterialUpdate":false,"showSkybox":true,"showFlares":true,"showImageEffects":true,"showParticleSystems":true},"in2DMode":false,"pivot":{"x":20.68019676208496,"y":-5.656482696533203,"z":-20.403650283813478},"rotation":{"x":0.135938823223114,"y":-0.044566426426172259,"z":0.006121379788964987,"w":0.9896954298019409},"size":11.56342887878418,"orthographic":false}