{"cameraMode":{"drawMode":0,"name":"Shaded","section":"Shading Mode"},"sceneLighting":false,"audioPlay":false,"sceneViewState":{"showFog":true,"showMaterialUpdate":false,"showSkybox":true,"showFlares":true,"showImageEffects":true,"showParticleSystems":true},"in2DMode":false,"pivot":{"x":418.927001953125,"y":160.69281005859376,"z":15.865015983581543},"rotation":{"x":-0.034790586680173877,"y":-0.026384057477116586,"z":0.0009187123505398631,"w":-0.9990459084510803},"size":538.6437377929688,"orthographic":false}