{"cameraMode":{"drawMode":0,"name":"Shaded","section":"Shading Mode"},"sceneLighting":false,"audioPlay":false,"sceneViewState":{"showFog":true,"showMaterialUpdate":false,"showSkybox":true,"showFlares":true,"showImageEffects":true,"showParticleSystems":true},"in2DMode":false,"pivot":{"x":0.7187466621398926,"y":0.5464382171630859,"z":0.4926118850708008},"rotation":{"x":-0.3386317491531372,"y":0.025972364470362665,"z":-0.009351936168968678,"w":-0.9405140280723572},"size":8.502426147460938,"orthographic":false}