{"cameraMode":{"drawMode":0,"name":"Shaded","section":"Shading Mode"},"sceneLighting":false,"audioPlay":false,"sceneViewState":{"showFog":true,"showMaterialUpdate":false,"showSkybox":true,"showFlares":true,"showImageEffects":true,"showParticleSystems":true},"in2DMode":false,"pivot":{"x":-0.0018157958984375,"y":-0.3371124267578125,"z":-0.2986316680908203},"rotation":{"x":-0.0000030279045404313367,"y":0.70689457654953,"z":-0.7073190212249756,"w":-0.00000269823067355901},"size":185.4582977294922,"orthographic":false}