{"cameraMode":{"drawMode":0,"name":"Shaded","section":"Shading Mode"},"sceneLighting":false,"audioPlay":false,"sceneViewState":{"showFog":true,"showMaterialUpdate":false,"showSkybox":true,"showFlares":true,"showImageEffects":true,"showParticleSystems":true},"in2DMode":false,"pivot":{"x":2.0104737281799318,"y":-36.78062438964844,"z":-25.742019653320314},"rotation":{"x":-0.008998951874673367,"y":-0.01049931813031435,"z":0.00009452973608858883,"w":-0.9999043941497803},"size":233.12474060058595,"orthographic":false}