{"cameraMode":{"drawMode":0,"name":"Shaded","section":"Shading Mode"},"sceneLighting":false,"audioPlay":false,"sceneViewState":{"showFog":true,"showMaterialUpdate":false,"showSkybox":true,"showFlares":true,"showImageEffects":true,"showParticleSystems":true},"in2DMode":false,"pivot":{"x":1.0951662063598633,"y":0.9913606643676758,"z":-1.5584917068481446},"rotation":{"x":-0.1463424265384674,"y":-0.04153454303741455,"z":0.006150172557681799,"w":-0.9883425831794739},"size":2.8578836917877199,"orthographic":false}