{"cameraMode":{"drawMode":0,"name":"Shaded","section":"Shading Mode"},"sceneLighting":false,"audioPlay":false,"sceneViewState":{"showFog":true,"showMaterialUpdate":false,"showSkybox":true,"showFlares":true,"showImageEffects":true,"showParticleSystems":true},"in2DMode":false,"pivot":{"x":658.9461669921875,"y":126.90440368652344,"z":27.602224349975587},"rotation":{"x":-0.05723615735769272,"y":-0.038330644369125369,"z":0.0021990458481013777,"w":-0.9976221323013306},"size":597.419189453125,"orthographic":false}