{"cameraMode":{"drawMode":0,"name":"Shaded","section":"Shading Mode"},"sceneLighting":false,"audioPlay":false,"sceneViewState":{"showFog":true,"showMaterialUpdate":false,"showSkybox":true,"showFlares":true,"showImageEffects":true,"showParticleSystems":true},"in2DMode":false,"pivot":{"x":21.305908203125,"y":-6.0376105308532719,"z":-20.260459899902345},"rotation":{"x":0.135938823223114,"y":-0.044566426426172259,"z":0.006121379788964987,"w":0.9896954298019409},"size":18.10929298400879,"orthographic":false}