{"cameraMode":{"drawMode":0,"name":"Shaded","section":"Shading Mode"},"sceneLighting":false,"audioPlay":false,"sceneViewState":{"showFog":true,"showMaterialUpdate":false,"showSkybox":true,"showFlares":true,"showImageEffects":true,"showParticleSystems":true},"in2DMode":false,"pivot":{"x":4.105411052703857,"y":0.6395291090011597,"z":-0.377836138010025},"rotation":{"x":0.0025987927801907064,"y":-0.745437741279602,"z":-0.002906112466007471,"w":-0.6665639877319336},"size":6.106046676635742,"orthographic":false}