{"cameraMode":{"drawMode":0,"name":"Shaded","section":"Shading Mode"},"sceneLighting":true,"audioPlay":false,"sceneViewState":{"showFog":true,"showMaterialUpdate":false,"showSkybox":true,"showFlares":true,"showImageEffects":true,"showParticleSystems":true},"in2DMode":false,"pivot":{"x":87.60318756103516,"y":-17.169958114624025,"z":34.2585563659668},"rotation":{"x":-0.0495324544608593,"y":-0.4679390788078308,"z":0.026278957724571229,"w":-0.8819801807403565},"size":113.41107940673828,"orthographic":false}