{"cameraMode":{"drawMode":0,"name":"Shaded","section":"Shading Mode"},"sceneLighting":true,"audioPlay":false,"sceneViewState":{"showFog":true,"showMaterialUpdate":false,"showSkybox":true,"showFlares":true,"showImageEffects":true,"showParticleSystems":true},"in2DMode":false,"pivot":{"x":5.1119914054870609,"y":1.7138839960098267,"z":18.387939453125},"rotation":{"x":0.3390198051929474,"y":-0.22735469043254853,"z":0.0847991481423378,"w":0.9089469313621521},"size":96.87062072753906,"orthographic":false}