{"cameraMode":{"drawMode":0,"name":"Shaded","section":"Shading Mode"},"sceneLighting":false,"audioPlay":false,"sceneViewState":{"showFog":true,"showMaterialUpdate":false,"showSkybox":true,"showFlares":true,"showImageEffects":true,"showParticleSystems":true},"in2DMode":false,"pivot":{"x":3.051697254180908,"y":0.3518673777580261,"z":4.783698558807373},"rotation":{"x":-0.07573063671588898,"y":-0.1341959685087204,"z":0.010286572389304638,"w":-0.9880033135414124},"size":8.689857482910157,"orthographic":false}