{"cameraMode":{"drawMode":0,"name":"Shaded","section":"Shading Mode"},"sceneLighting":false,"audioPlay":false,"sceneViewState":{"showFog":true,"showMaterialUpdate":false,"showSkybox":true,"showFlares":true,"showImageEffects":true,"showParticleSystems":true},"in2DMode":false,"pivot":{"x":396.4326477050781,"y":134.66107177734376,"z":-14.08392333984375},"rotation":{"x":-0.07068090885877609,"y":-0.04427729919552803,"z":0.0031404357869178058,"w":-0.9965108633041382},"size":467.0228271484375,"orthographic":false}