{"cameraMode":{"drawMode":0,"name":"Shaded","section":"Shading Mode"},"sceneLighting":false,"audioPlay":false,"sceneViewState":{"showFog":true,"showMaterialUpdate":false,"showSkybox":true,"showFlares":true,"showImageEffects":true,"showParticleSystems":true},"in2DMode":false,"pivot":{"x":297.2244567871094,"y":171.57339477539063,"z":-1.0089393854141236},"rotation":{"x":0.020096931606531144,"y":0.0011999981943517924,"z":0.000024268421839224175,"w":-0.9997973442077637},"size":584.047607421875,"orthographic":false}