{"cameraMode":{"drawMode":0,"name":"Shaded","section":"Shading Mode"},"sceneLighting":false,"audioPlay":false,"sceneViewState":{"showFog":true,"showMaterialUpdate":false,"showSkybox":true,"showFlares":true,"showImageEffects":true,"showParticleSystems":true},"in2DMode":false,"pivot":{"x":3.6671910285949709,"y":3.1297333240509035,"z":-2.047332763671875},"rotation":{"x":0.10988786071538925,"y":-0.8403500318527222,"z":-0.18571320176124574,"w":-0.49723944067955019},"size":7.619213581085205,"orthographic":false}