{"cameraMode":{"drawMode":0,"name":"Shaded","section":"Shading Mode"},"sceneLighting":false,"audioPlay":false,"sceneViewState":{"showFog":true,"showMaterialUpdate":false,"showSkybox":true,"showFlares":true,"showImageEffects":true,"showParticleSystems":true},"in2DMode":false,"pivot":{"x":2.9772660732269289,"y":0.49471157789230349,"z":1.2965664863586426},"rotation":{"x":-0.01452250313013792,"y":-0.15001244843006135,"z":-0.002203570678830147,"w":0.9885750412940979},"size":21.761245727539064,"orthographic":false}