{"cameraMode":{"drawMode":0,"name":"Shaded","section":"Shading Mode"},"sceneLighting":false,"audioPlay":false,"sceneViewState":{"showFog":true,"showMaterialUpdate":false,"showSkybox":true,"showFlares":true,"showImageEffects":true,"showParticleSystems":true},"in2DMode":false,"pivot":{"x":451.0865783691406,"y":253.32835388183595,"z":-29.94835662841797},"rotation":{"x":-0.008998951874673367,"y":-0.01049931813031435,"z":0.00009452973608858883,"w":-0.9999043941497803},"size":821.8317260742188,"orthographic":false}