{"cameraMode":{"drawMode":0,"name":"Shaded","section":"Shading Mode"},"sceneLighting":false,"audioPlay":false,"sceneViewState":{"showFog":true,"showMaterialUpdate":false,"showSkybox":true,"showFlares":true,"showImageEffects":true,"showParticleSystems":true},"in2DMode":false,"pivot":{"x":-16.165775299072267,"y":-0.8852801322937012,"z":-15.083013534545899},"rotation":{"x":0.056989412754774097,"y":0.5021923780441284,"z":-0.03319196403026581,"w":0.8622374534606934},"size":99.96171569824219,"orthographic":false}