{"cameraMode":{"drawMode":0,"name":"Shaded","section":"Shading Mode"},"sceneLighting":false,"audioPlay":false,"sceneViewState":{"showFog":true,"showMaterialUpdate":false,"showSkybox":true,"showFlares":true,"showImageEffects":true,"showParticleSystems":true},"in2DMode":false,"pivot":{"x":0.0001380443572998047,"y":0.8500000238418579,"z":0.0},"rotation":{"x":-0.008998951874673367,"y":-0.01049931813031435,"z":0.00009452973608858883,"w":-0.9999043941497803},"size":4.441884994506836,"orthographic":false}