{"cameraMode":{"drawMode":0,"name":"Shaded","section":"Shading Mode"},"sceneLighting":false,"audioPlay":false,"sceneViewState":{"showFog":true,"showMaterialUpdate":false,"showSkybox":true,"showFlares":true,"showImageEffects":true,"showParticleSystems":true},"in2DMode":false,"pivot":{"x":-46.69776153564453,"y":47.706478118896487,"z":153.56558227539063},"rotation":{"x":-0.13550446927547456,"y":-0.12920330464839936,"z":-0.017825722694396974,"w":0.9821544289588928},"size":49.019386291503909,"orthographic":false}