{"cameraMode":{"drawMode":0,"name":"Shaded","section":"Shading Mode"},"sceneLighting":true,"audioPlay":false,"sceneViewState":{"showFog":true,"showMaterialUpdate":false,"showSkybox":true,"showFlares":true,"showImageEffects":true,"showParticleSystems":true},"in2DMode":false,"pivot":{"x":37.98825454711914,"y":17.25722312927246,"z":161.51832580566407},"rotation":{"x":0.033552803099155429,"y":-0.04825374111533165,"z":-0.0016217062948271633,"w":-0.9982700943946838},"size":207.50643920898438,"orthographic":false}