{"cameraMode":{"drawMode":0,"name":"Shaded","section":"Shading Mode"},"sceneLighting":false,"audioPlay":false,"sceneViewState":{"showFog":true,"showMaterialUpdate":false,"showSkybox":true,"showFlares":true,"showImageEffects":true,"showParticleSystems":true},"in2DMode":false,"pivot":{"x":-0.7568100094795227,"y":0.9099584221839905,"z":-2.468384265899658},"rotation":{"x":-0.005210729781538248,"y":-0.40144145488739016,"z":-0.002283782698214054,"w":0.9158670902252197},"size":9.446395874023438,"orthographic":false}