{"cameraMode":{"drawMode":0,"name":"Shaded","section":"Shading Mode"},"sceneLighting":true,"audioPlay":false,"sceneViewState":{"showFog":true,"showMaterialUpdate":false,"showSkybox":true,"showFlares":true,"showImageEffects":true,"showParticleSystems":true},"in2DMode":false,"pivot":{"x":0.33957579731941225,"y":7.439577579498291,"z":3.436405897140503},"rotation":{"x":-0.08211471885442734,"y":-0.008673502132296563,"z":0.0007146814605221152,"w":-0.9965848922729492},"size":14.269733428955079,"orthographic":false}