{"cameraMode":{"drawMode":0,"name":"Shaded","section":"Shading Mode"},"sceneLighting":false,"audioPlay":false,"sceneViewState":{"showFog":true,"showMaterialUpdate":false,"showSkybox":true,"showFlares":true,"showImageEffects":true,"showParticleSystems":true},"in2DMode":false,"pivot":{"x":20.438457489013673,"y":-4.8706889152526859,"z":-20.508586883544923},"rotation":{"x":0.135938823223114,"y":-0.044566426426172259,"z":0.006121379788964987,"w":0.9896954298019409},"size":9.575155258178711,"orthographic":false}