{"cameraMode":{"drawMode":0,"name":"Shaded","section":"Shading Mode"},"sceneLighting":false,"audioPlay":false,"sceneViewState":{"showFog":true,"showMaterialUpdate":false,"showSkybox":true,"showFlares":true,"showImageEffects":true,"showParticleSystems":true},"in2DMode":false,"pivot":{"x":0.0,"y":0.45070919394493105,"z":-0.030266642570495607},"rotation":{"x":-0.6931317448616028,"y":-0.02700621448457241,"z":0.026004603132605554,"w":-0.7198353409767151},"size":4.906045913696289,"orthographic":false}