{"cameraMode":{"drawMode":0,"name":"Shaded","section":"Shading Mode"},"sceneLighting":false,"audioPlay":false,"sceneViewState":{"showFog":true,"showMaterialUpdate":false,"showSkybox":true,"showFlares":true,"showImageEffects":true,"showParticleSystems":true},"in2DMode":false,"pivot":{"x":-56.849998474121097,"y":-1.7402989864349366,"z":22.549999237060548},"rotation":{"x":0.056989412754774097,"y":0.5021923780441284,"z":-0.03319196403026581,"w":0.8622374534606934},"size":44.5041618347168,"orthographic":false}